{
	"credit": "Made with Blockbench",
	"textures": {
		"1": "item/txtcobblestone",
		"2": "item/txtcomposter",
		"3": "item/txtdeepslatebricks",
		"particle": "item/txtbirchplanks"
	},
	"elements": [
		{
			"name": "Handle",
			"from": [7.25, 1, 12.5],
			"to": [8.75, 6, 15],
			"rotation": {"angle": -22.5, "axis": "x", "origin": [8, 3.5, 13.5]},
			"faces": {
				"north": {"uv": [0, 0, 1.5, 5], "texture": "#2"},
				"east": {"uv": [0, 0, 2.5, 5], "texture": "#2"},
				"south": {"uv": [0, 0, 1.5, 5], "texture": "#2"},
				"west": {"uv": [0, 0, 2.5, 5], "texture": "#2"},
				"up": {"uv": [0, 0, 1.5, 2.5], "texture": "#2"},
				"down": {"uv": [0, 0, 1.5, 2.5], "texture": "#2"}
			}
		},
		{
			"from": [7.625, 7.09567, 13.35597],
			"to": [7.625, 8.09567, 13.85597],
			"rotation": {"angle": 0, "axis": "x", "origin": [8, 3.59567, 13.73097]},
			"faces": {
				"north": {"uv": [7, 7, 7, 8], "texture": "#1"},
				"east": {"uv": [10, 6, 10.5, 7], "texture": "#1"},
				"south": {"uv": [7, 2, 7, 3], "texture": "#1"},
				"west": {"uv": [2, 6, 2.5, 7], "texture": "#1"},
				"up": {"uv": [5, 10, 5, 10.5], "texture": "#1"},
				"down": {"uv": [4, 3, 4, 3.5], "texture": "#1"}
			}
		},
		{
			"from": [8, 7.09567, 3.60597],
			"to": [8, 8.09567, 4.10597],
			"rotation": {"angle": 0, "axis": "x", "origin": [8, 3.59567, 13.73097]},
			"faces": {
				"north": {"uv": [7, 7, 7, 8], "texture": "#1"},
				"east": {"uv": [10, 6, 10.5, 7], "texture": "#1"},
				"south": {"uv": [7, 2, 7, 3], "texture": "#1"},
				"west": {"uv": [2, 6, 2.5, 7], "texture": "#1"},
				"up": {"uv": [5, 10, 5, 10.5], "texture": "#1"},
				"down": {"uv": [4, 3, 4, 3.5], "texture": "#1"}
			}
		},
		{
			"from": [8.375, 7.09567, 13.35597],
			"to": [8.375, 8.09567, 13.85597],
			"rotation": {"angle": 0, "axis": "x", "origin": [8, 3.59567, 13.73097]},
			"faces": {
				"north": {"uv": [7, 7, 7, 8], "texture": "#1"},
				"east": {"uv": [10, 6, 10.5, 7], "texture": "#1"},
				"south": {"uv": [7, 2, 7, 3], "texture": "#1"},
				"west": {"uv": [2, 6, 2.5, 7], "texture": "#1"},
				"up": {"uv": [5, 10, 5, 10.5], "texture": "#1"},
				"down": {"uv": [4, 3, 4, 3.5], "texture": "#1"}
			}
		},
		{
			"from": [8.25, 7.09567, 13.60597],
			"to": [8.5, 8.09567, 13.60597],
			"rotation": {"angle": 0, "axis": "y", "origin": [8.5, 7.59567, 12.98097]},
			"faces": {
				"north": {"uv": [7, 7, 7.25, 8], "texture": "#1"},
				"east": {"uv": [10, 6, 10, 7], "texture": "#1"},
				"south": {"uv": [7, 2, 7.25, 3], "texture": "#1"},
				"west": {"uv": [2, 6, 2, 7], "texture": "#1"},
				"up": {"uv": [5, 10, 5, 10.25], "rotation": 270, "texture": "#1"},
				"down": {"uv": [4, 3, 4, 3.25], "rotation": 90, "texture": "#1"}
			}
		},
		{
			"from": [7.5, 7.09567, 13.60597],
			"to": [7.75, 8.09567, 13.60597],
			"rotation": {"angle": 0, "axis": "y", "origin": [8.5, 7.59567, 12.98097]},
			"faces": {
				"north": {"uv": [7, 7, 7.25, 8], "texture": "#1"},
				"east": {"uv": [10, 6, 10, 7], "texture": "#1"},
				"south": {"uv": [7, 2, 7.25, 3], "texture": "#1"},
				"west": {"uv": [2, 6, 2, 7], "texture": "#1"},
				"up": {"uv": [5, 10, 5, 10.25], "rotation": 270, "texture": "#1"},
				"down": {"uv": [4, 3, 4, 3.25], "rotation": 90, "texture": "#1"}
			}
		},
		{
			"from": [7.875, 7.09567, 3.85597],
			"to": [8.125, 8.09567, 3.85597],
			"rotation": {"angle": 0, "axis": "y", "origin": [8.5, 7.59567, 12.98097]},
			"faces": {
				"north": {"uv": [7, 7, 7.25, 8], "texture": "#1"},
				"east": {"uv": [10, 6, 10, 7], "texture": "#1"},
				"south": {"uv": [7, 2, 7.25, 3], "texture": "#1"},
				"west": {"uv": [2, 6, 2, 7], "texture": "#1"},
				"up": {"uv": [5, 10, 5, 10.25], "rotation": 270, "texture": "#1"},
				"down": {"uv": [4, 3, 4, 3.25], "rotation": 90, "texture": "#1"}
			}
		},
		{
			"from": [7.5, 5.09567, 7.48097],
			"to": [8.5, 7.09567, 13.98097],
			"rotation": {"angle": 0, "axis": "x", "origin": [8, 3.59567, 13.73097]},
			"faces": {
				"north": {"uv": [11.5, 5.5, 12.5, 7.5], "texture": "#3"},
				"east": {"uv": [7, 13, 13.5, 15], "texture": "#3"},
				"south": {"uv": [9, 7, 10, 9], "texture": "#3"},
				"west": {"uv": [1, 14, 7.5, 16], "texture": "#3"},
				"up": {"uv": [6.5, 4.5, 7.5, 11], "texture": "#3"},
				"down": {"uv": [14, 2, 15, 8.5], "texture": "#3"}
			}
		},
		{
			"from": [7.5, 6.09567, 3.48097],
			"to": [8.5, 7.09567, 7.48097],
			"rotation": {"angle": 0, "axis": "x", "origin": [8, 3.59567, 13.73097]},
			"faces": {
				"north": {"uv": [8, 4, 9, 5], "texture": "#3"},
				"east": {"uv": [3, 6, 7, 7], "texture": "#3"},
				"south": {"uv": [5, 10, 6, 11], "texture": "#3"},
				"west": {"uv": [12, 6, 16, 7], "texture": "#3"},
				"up": {"uv": [8.5, 8, 9.5, 12], "texture": "#3"},
				"down": {"uv": [6.5, 10.5, 7.5, 14.5], "texture": "#3"}
			}
		},
		{
			"name": "Mag",
			"from": [6.5, 4.59567, 8.98097],
			"to": [8.5, 6.59567, 11.98097],
			"rotation": {"angle": 45, "axis": "z", "origin": [8, 6.09567, 10.73097]},
			"faces": {
				"north": {"uv": [0, 0, 2, 2], "texture": "#1"},
				"east": {"uv": [0, 0, 3, 2], "texture": "#1"},
				"south": {"uv": [0, 0, 2, 2], "texture": "#1"},
				"west": {"uv": [0, 0, 3, 2], "texture": "#1"},
				"up": {"uv": [0, 0, 2, 3], "texture": "#1"},
				"down": {"uv": [0, 0, 2, 3], "texture": "#1"}
			}
		}
	],
	"display": {
		"thirdperson_righthand": {
			"translation": [0, 2.5, -4.5]
		},
		"thirdperson_lefthand": {
			"translation": [0, 2.5, -4.5]
		},
		"firstperson_righthand": {
			"rotation": [15, 0, 15],
			"translation": [-3.75, 4.25, 0]
		},
		"firstperson_lefthand": {
			"rotation": [15, 0, 15],
			"translation": [0.5, 4.25, -2.25]
		},
		"ground": {
			"translation": [0, 2, 0],
			"scale": [0.75, 0.75, 0.75]
		},
		"gui": {
			"rotation": [15, 24, 15],
			"translation": [-2.25, 5.5, 0],
			"scale": [1.5, 1.5, 1.5]
		},
		"head": {
			"rotation": [0, 90, 0],
			"translation": [0, 13, 7]
		},
		"fixed": {
			"rotation": [0, -90, 0],
			"translation": [2.25, 5.25, -1],
			"scale": [1.5, 1.5, 1.5]
		}
	},
	"groups": [
		0,
		{
			"name": "Barrel",
			"origin": [8, 8.59567, 12.73097],
			"color": 0,
			"children": [1, 2, 3, 4, 5, 6, 7, 8]
		},
		9
	]
}