{
  "parent": "minecraft:item/generated",
  "textures": {
    "layer0": "minecraft:item/stick"
  },
  "display": {
    "thirdperson_righthand": {
      "rotation": [
        -90,
        0,
        -60
      ],
      "translation": [
        2,
        0.1,
        -3
      ],
      "scale": [
        0.9,
        0.9,
        0.9
      ]
    },
    "thirdperson_lefthand": {
      "rotation": [
        -90,
        0,
        30
      ],
      "translation": [
        2,
        0.1,
        -3
      ],
      "scale": [
        0.9,
        0.9,
        0.9
      ]
    },
    "firstperson_righthand": {
      "rotation": [
        -90,
        0,
        -55
      ],
      "translation": [
        1.13,
        0,
        1.13
      ],
      "scale": [
        0.68,
        0.68,
        0.68
      ]
    },
    "firstperson_lefthand": {
      "rotation": [
        -90,
        0,
        35
      ],
      "translation": [
        1.13,
        0,
        1.13
      ],
      "scale": [
        0.68,
        0.68,
        0.68
      ]
    }
  },
  "overrides": [
    {
      "predicate": {},
      "model": "minecraft:item/rifleunload"
    },
    {
      "predicate": {
        "pulling": 1
      },
      "model": "minecraft:item/rifle0"
    },
    {
      "predicate": {
        "pulling": 1,
        "pull": 0.25
      },
      "model": "minecraft:item/rifle1"
    },
    {
      "predicate": {
        "pulling": 1,
        "pull": 0.5
      },
      "model": "minecraft:item/rifle2"
    },
    {
      "predicate": {
        "pulling": 1,
        "pull": 0.75
      },
      "model": "minecraft:item/rifle3"
    },
    {
      "predicate": {
        "pulling": 1,
        "pull": 1
      },
      "model": "minecraft:item/rifle4"
    },
    {
      "predicate": {
        "charged": 1
      },
      "model": "minecraft:item/rifleload"
    },
    {
      "predicate": {
        "charged": 1,
        "firework": 1
      },
      "model": "minecraft:item/rifleload"
    }
  ]
}
