{
	"credit": "Made with Blockbench",
	"textures": {
		"0": "item/txtbirchplanks",
		"1": "item/txtcobblestone",
		"2": "item/txtcomposter",
		"3": "item/txtdeepslatebricks",
		"5": "item/txtoaklog",
		"6": "item/txtstrippedsprucelog",
		"particle": "item/txtbirchplanks"
	},
	"elements": [
		{
			"from": [8.25, 4.125, 7.5],
			"to": [8.75, 5.875, 7.5],
			"rotation": {"angle": 22.5, "axis": "z", "origin": [8.5, 5.6875, 7.5]},
			"faces": {
				"north": {"uv": [11.75, 4.75, 12.25, 6.5], "rotation": 180, "texture": "#3"},
				"east": {"uv": [0, 0, 0, 1.75], "rotation": 180, "texture": "#missing"},
				"south": {"uv": [6.75, 5.5, 7.25, 7.25], "rotation": 180, "texture": "#3"},
				"west": {"uv": [0, 0, 0, 1.75], "rotation": 180, "texture": "#missing"},
				"up": {"uv": [0, 0, 0.5, 0], "rotation": 180, "texture": "#missing"},
				"down": {"uv": [0, 0, 0.5, 0], "rotation": 180, "texture": "#missing"}
			}
		},
		{
			"from": [8.5, 4.125, 7],
			"to": [8.5, 5.625, 8],
			"rotation": {"angle": 22.5, "axis": "z", "origin": [8.5, 5.6875, 7.5]},
			"faces": {
				"north": {"uv": [0, 0, 0, 1.5], "rotation": 180, "texture": "#missing"},
				"east": {"uv": [7, 3.5, 8, 5], "rotation": 180, "texture": "#3"},
				"south": {"uv": [0, 0, 0, 1.5], "rotation": 180, "texture": "#3"},
				"west": {"uv": [3.5, 8, 4.5, 9.5], "rotation": 180, "texture": "#3"},
				"up": {"uv": [0, 0, 0, 1], "rotation": 180, "texture": "#missing"},
				"down": {"uv": [0, 0, 0, 1], "rotation": 180, "texture": "#missing"}
			}
		},
		{
			"from": [7.25, 4.125, 7.5],
			"to": [7.75, 5.875, 7.5],
			"rotation": {"angle": -22.5, "axis": "z", "origin": [7.5, 5.6875, 7.5]},
			"faces": {
				"north": {"uv": [11.75, 4.75, 12.25, 6.5], "rotation": 180, "texture": "#3"},
				"east": {"uv": [0, 0, 0, 1.75], "rotation": 180, "texture": "#missing"},
				"south": {"uv": [6.75, 5.5, 7.25, 7.25], "rotation": 180, "texture": "#3"},
				"west": {"uv": [0, 0, 0, 1.75], "rotation": 180, "texture": "#missing"},
				"up": {"uv": [0, 0, 0.5, 0], "rotation": 180, "texture": "#missing"},
				"down": {"uv": [0, 0, 0.5, 0], "rotation": 180, "texture": "#missing"}
			}
		},
		{
			"from": [7.5, 4.125, 7],
			"to": [7.5, 5.625, 8],
			"rotation": {"angle": -22.5, "axis": "z", "origin": [7.5, 5.6875, 7.5]},
			"faces": {
				"north": {"uv": [0, 0, 0, 1.5], "rotation": 180, "texture": "#missing"},
				"east": {"uv": [7, 3.5, 8, 5], "rotation": 180, "texture": "#3"},
				"south": {"uv": [0, 0, 0, 1.5], "rotation": 180, "texture": "#3"},
				"west": {"uv": [3.5, 8, 4.5, 9.5], "rotation": 180, "texture": "#3"},
				"up": {"uv": [0, 0, 0, 1], "rotation": 180, "texture": "#missing"},
				"down": {"uv": [0, 0, 0, 1], "rotation": 180, "texture": "#missing"}
			}
		},
		{
			"from": [7.5, 2.625, 7],
			"to": [7.5, 4.125, 8],
			"rotation": {"angle": -22.5, "axis": "z", "origin": [7.5, 5.6875, 7.5]},
			"faces": {
				"north": {"uv": [0, 0, 0, 1.5], "rotation": 180, "texture": "#missing"},
				"east": {"uv": [7, 3.5, 8, 5], "rotation": 180, "texture": "#3"},
				"south": {"uv": [0, 0, 0, 1.5], "rotation": 180, "texture": "#3"},
				"west": {"uv": [3.5, 8, 4.5, 9.5], "rotation": 180, "texture": "#3"},
				"up": {"uv": [0, 0, 0, 1], "rotation": 180, "texture": "#missing"},
				"down": {"uv": [0, 0, 0, 1], "rotation": 180, "texture": "#missing"}
			}
		},
		{
			"from": [7.25, 2.625, 7.5],
			"to": [7.75, 4.125, 7.5],
			"rotation": {"angle": -22.5, "axis": "z", "origin": [7.5, 5.6875, 7.5]},
			"faces": {
				"north": {"uv": [11.75, 4.75, 12.25, 6.5], "rotation": 180, "texture": "#3"},
				"east": {"uv": [0, 0, 0, 1.75], "rotation": 180, "texture": "#missing"},
				"south": {"uv": [6.75, 5.5, 7.25, 7.25], "rotation": 180, "texture": "#3"},
				"west": {"uv": [0, 0, 0, 1.75], "rotation": 180, "texture": "#missing"},
				"up": {"uv": [0, 0, 0.5, 0], "rotation": 180, "texture": "#missing"},
				"down": {"uv": [0, 0, 0.5, 0], "rotation": 180, "texture": "#missing"}
			}
		},
		{
			"from": [7.25, 1.125, 7.5],
			"to": [7.75, 2.625, 7.5],
			"rotation": {"angle": -22.5, "axis": "z", "origin": [7.5, 5.6875, 7.5]},
			"faces": {
				"north": {"uv": [11.75, 4.75, 12.25, 6.5], "rotation": 180, "texture": "#3"},
				"east": {"uv": [0, 0, 0, 1.75], "rotation": 180, "texture": "#missing"},
				"south": {"uv": [6.75, 5.5, 7.25, 7.25], "rotation": 180, "texture": "#3"},
				"west": {"uv": [0, 0, 0, 1.75], "rotation": 180, "texture": "#missing"},
				"up": {"uv": [0, 0, 0.5, 0], "rotation": 180, "texture": "#missing"},
				"down": {"uv": [0, 0, 0.5, 0], "rotation": 180, "texture": "#missing"}
			}
		},
		{
			"from": [7.5, 1.125, 7],
			"to": [7.5, 2.625, 8],
			"rotation": {"angle": -22.5, "axis": "z", "origin": [7.5, 5.6875, 7.5]},
			"faces": {
				"north": {"uv": [0, 0, 0, 1.5], "rotation": 180, "texture": "#missing"},
				"east": {"uv": [7, 3.5, 8, 5], "rotation": 180, "texture": "#3"},
				"south": {"uv": [0, 0, 0, 1.5], "rotation": 180, "texture": "#3"},
				"west": {"uv": [3.5, 8, 4.5, 9.5], "rotation": 180, "texture": "#3"},
				"up": {"uv": [0, 0, 0, 1], "rotation": 180, "texture": "#missing"},
				"down": {"uv": [0, 0, 0, 1], "rotation": 180, "texture": "#missing"}
			}
		},
		{
			"from": [8.5, 2.625, 7],
			"to": [8.5, 4.125, 8],
			"rotation": {"angle": 22.5, "axis": "z", "origin": [8.5, 5.6875, 7.5]},
			"faces": {
				"north": {"uv": [0, 0, 0, 1.5], "rotation": 180, "texture": "#missing"},
				"east": {"uv": [7, 3.5, 8, 5], "rotation": 180, "texture": "#3"},
				"south": {"uv": [0, 0, 0, 1.5], "rotation": 180, "texture": "#3"},
				"west": {"uv": [3.5, 8, 4.5, 9.5], "rotation": 180, "texture": "#3"},
				"up": {"uv": [0, 0, 0, 1], "rotation": 180, "texture": "#missing"},
				"down": {"uv": [0, 0, 0, 1], "rotation": 180, "texture": "#missing"}
			}
		},
		{
			"from": [8.25, 2.625, 7.5],
			"to": [8.75, 4.125, 7.5],
			"rotation": {"angle": 22.5, "axis": "z", "origin": [8.5, 5.6875, 7.5]},
			"faces": {
				"north": {"uv": [11.75, 4.75, 12.25, 6.5], "rotation": 180, "texture": "#3"},
				"east": {"uv": [0, 0, 0, 1.75], "rotation": 180, "texture": "#missing"},
				"south": {"uv": [6.75, 5.5, 7.25, 7.25], "rotation": 180, "texture": "#3"},
				"west": {"uv": [0, 0, 0, 1.75], "rotation": 180, "texture": "#missing"},
				"up": {"uv": [0, 0, 0.5, 0], "rotation": 180, "texture": "#missing"},
				"down": {"uv": [0, 0, 0.5, 0], "rotation": 180, "texture": "#missing"}
			}
		},
		{
			"from": [8.5, 1.125, 7],
			"to": [8.5, 2.625, 8],
			"rotation": {"angle": 22.5, "axis": "z", "origin": [8.5, 5.6875, 7.5]},
			"faces": {
				"north": {"uv": [0, 0, 0, 1.5], "rotation": 180, "texture": "#missing"},
				"east": {"uv": [7, 3.5, 8, 5], "rotation": 180, "texture": "#3"},
				"south": {"uv": [0, 0, 0, 1.5], "rotation": 180, "texture": "#3"},
				"west": {"uv": [3.5, 8, 4.5, 9.5], "rotation": 180, "texture": "#3"},
				"up": {"uv": [0, 0, 0, 1], "rotation": 180, "texture": "#missing"},
				"down": {"uv": [0, 0, 0, 1], "rotation": 180, "texture": "#missing"}
			}
		},
		{
			"from": [8.25, 1.125, 7.5],
			"to": [8.75, 2.625, 7.5],
			"rotation": {"angle": 22.5, "axis": "z", "origin": [8.5, 5.6875, 7.5]},
			"faces": {
				"north": {"uv": [11.75, 4.75, 12.25, 6.5], "rotation": 180, "texture": "#3"},
				"east": {"uv": [0, 0, 0, 1.75], "rotation": 180, "texture": "#missing"},
				"south": {"uv": [6.75, 5.5, 7.25, 7.25], "rotation": 180, "texture": "#3"},
				"west": {"uv": [0, 0, 0, 1.75], "rotation": 180, "texture": "#missing"},
				"up": {"uv": [0, 0, 0.5, 0], "rotation": 180, "texture": "#missing"},
				"down": {"uv": [0, 0, 0.5, 0], "rotation": 180, "texture": "#missing"}
			}
		},
		{
			"from": [8.5, -0.375, 7],
			"to": [8.5, 1.125, 8],
			"rotation": {"angle": 22.5, "axis": "z", "origin": [8.5, 5.6875, 7.5]},
			"faces": {
				"north": {"uv": [0, 0, 0, 1.5], "rotation": 180, "texture": "#missing"},
				"east": {"uv": [7, 3.5, 8, 5], "rotation": 180, "texture": "#3"},
				"south": {"uv": [0, 0, 0, 1.5], "rotation": 180, "texture": "#3"},
				"west": {"uv": [3.5, 8, 4.5, 9.5], "rotation": 180, "texture": "#3"},
				"up": {"uv": [0, 0, 0, 1], "rotation": 180, "texture": "#missing"},
				"down": {"uv": [0, 0, 0, 1], "rotation": 180, "texture": "#missing"}
			}
		},
		{
			"from": [8.25, -0.375, 7.5],
			"to": [8.75, 1.125, 7.5],
			"rotation": {"angle": 22.5, "axis": "z", "origin": [8.5, 5.6875, 7.5]},
			"faces": {
				"north": {"uv": [11.75, 4.75, 12.25, 6.5], "rotation": 180, "texture": "#3"},
				"east": {"uv": [0, 0, 0, 1.75], "rotation": 180, "texture": "#missing"},
				"south": {"uv": [6.75, 5.5, 7.25, 7.25], "rotation": 180, "texture": "#3"},
				"west": {"uv": [0, 0, 0, 1.75], "rotation": 180, "texture": "#missing"},
				"up": {"uv": [0, 0, 0.5, 0], "rotation": 180, "texture": "#missing"},
				"down": {"uv": [0, 0, 0.5, 0], "rotation": 180, "texture": "#missing"}
			}
		},
		{
			"from": [7.25, -0.375, 7.5],
			"to": [7.75, 1.125, 7.5],
			"rotation": {"angle": -22.5, "axis": "z", "origin": [7.5, 5.6875, 7.5]},
			"faces": {
				"north": {"uv": [11.75, 4.75, 12.25, 6.5], "rotation": 180, "texture": "#3"},
				"east": {"uv": [0, 0, 0, 1.75], "rotation": 180, "texture": "#missing"},
				"south": {"uv": [6.75, 5.5, 7.25, 7.25], "rotation": 180, "texture": "#3"},
				"west": {"uv": [0, 0, 0, 1.75], "rotation": 180, "texture": "#missing"},
				"up": {"uv": [0, 0, 0.5, 0], "rotation": 180, "texture": "#missing"},
				"down": {"uv": [0, 0, 0.5, 0], "rotation": 180, "texture": "#missing"}
			}
		},
		{
			"from": [7.5, -0.375, 7],
			"to": [7.5, 1.125, 8],
			"rotation": {"angle": -22.5, "axis": "z", "origin": [7.5, 5.6875, 7.5]},
			"faces": {
				"north": {"uv": [0, 0, 0, 1.5], "rotation": 180, "texture": "#missing"},
				"east": {"uv": [7, 3.5, 8, 5], "rotation": 180, "texture": "#3"},
				"south": {"uv": [0, 0, 0, 1.5], "rotation": 180, "texture": "#3"},
				"west": {"uv": [3.5, 8, 4.5, 9.5], "rotation": 180, "texture": "#3"},
				"up": {"uv": [0, 0, 0, 1], "rotation": 180, "texture": "#missing"},
				"down": {"uv": [0, 0, 0, 1], "rotation": 180, "texture": "#missing"}
			}
		},
		{
			"from": [4.71699, 0.02939, 7],
			"to": [5.71699, 0.02939, 8],
			"rotation": {"angle": 0, "axis": "z", "origin": [5.46699, 0.77939, 7.5]},
			"faces": {
				"north": {"uv": [0, 0, 0, 1.5], "rotation": 90, "texture": "#missing"},
				"east": {"uv": [0, 0, 0, 1], "rotation": 270, "texture": "#missing"},
				"south": {"uv": [0, 0, 0, 1.5], "rotation": 270, "texture": "#3"},
				"west": {"uv": [0, 0, 0, 1], "rotation": 270, "texture": "#missing"},
				"up": {"uv": [3.5, 8, 4.5, 9.5], "rotation": 270, "texture": "#3"},
				"down": {"uv": [7, 3.5, 8, 5], "rotation": 270, "texture": "#3"}
			}
		},
		{
			"from": [10.21699, 0.02939, 7],
			"to": [11.21699, 0.02939, 8],
			"rotation": {"angle": 0, "axis": "z", "origin": [5.46699, 0.77939, 7.5]},
			"faces": {
				"north": {"uv": [0, 0, 0, 1.5], "rotation": 90, "texture": "#missing"},
				"east": {"uv": [0, 0, 0, 1], "rotation": 270, "texture": "#missing"},
				"south": {"uv": [0, 0, 0, 1.5], "rotation": 270, "texture": "#3"},
				"west": {"uv": [0, 0, 0, 1], "rotation": 270, "texture": "#missing"},
				"up": {"uv": [3.5, 8, 4.5, 9.5], "rotation": 270, "texture": "#3"},
				"down": {"uv": [7, 3.5, 8, 5], "rotation": 270, "texture": "#3"}
			}
		},
		{
			"from": [7, 3, 15],
			"to": [9, 5, 21],
			"rotation": {"angle": 45, "axis": "x", "origin": [8, 4, 18]},
			"faces": {
				"north": {"uv": [0, 0, 2, 2], "texture": "#5"},
				"east": {"uv": [0, 0, 6, 2], "texture": "#2"},
				"south": {"uv": [0, 0, 2, 2], "texture": "#6"},
				"west": {"uv": [0, 0, 6, 2], "texture": "#2"},
				"up": {"uv": [0, 0, 2, 6], "texture": "#5"},
				"down": {"uv": [0, 0, 2, 6], "texture": "#6"}
			}
		},
		{
			"from": [6.75, 1, 19.5],
			"to": [9.25, 4, 26],
			"rotation": {"angle": 0, "axis": "x", "origin": [8, 4, 18]},
			"faces": {
				"north": {"uv": [0, 0, 2.5, 3], "texture": "#5"},
				"east": {"uv": [0, 0, 6.5, 3], "texture": "#2"},
				"south": {"uv": [0, 0, 2.5, 3], "texture": "#6"},
				"west": {"uv": [0, 0, 6.5, 3], "texture": "#2"},
				"up": {"uv": [0, 0, 2.5, 6.5], "texture": "#5"},
				"down": {"uv": [0, 0, 2.5, 6.5], "texture": "#6"}
			}
		},
		{
			"from": [7, 1, 26],
			"to": [9, 7, 32],
			"rotation": {"angle": 0, "axis": "x", "origin": [8, 4, 18]},
			"faces": {
				"north": {"uv": [0, 0, 2, 6], "texture": "#5"},
				"east": {"uv": [0, 0, 6, 6], "texture": "#2"},
				"south": {"uv": [0, 0, 2, 6], "texture": "#6"},
				"west": {"uv": [0, 0, 6, 6], "texture": "#2"},
				"up": {"uv": [0, 0, 2, 6], "texture": "#5"},
				"down": {"uv": [0, 0, 2, 6], "texture": "#6"}
			}
		},
		{
			"from": [6.5, 4, 8.5],
			"to": [9.5, 7, 17],
			"rotation": {"angle": 0, "axis": "x", "origin": [8, 4, 18]},
			"faces": {
				"north": {"uv": [0, 0, 3, 3], "texture": "#5"},
				"east": {"uv": [0, 0, 8.5, 3], "texture": "#2"},
				"south": {"uv": [0, 0, 3, 3], "texture": "#6"},
				"west": {"uv": [0, 0, 8.5, 3], "texture": "#2"},
				"up": {"uv": [0, 0, 3, 8.5], "texture": "#5"},
				"down": {"uv": [0, 0, 3, 8.5], "texture": "#6"}
			}
		},
		{
			"from": [6.5, 5.5, -7.5],
			"to": [9.5, 7, 8.5],
			"rotation": {"angle": 0, "axis": "x", "origin": [8, 4, 18]},
			"faces": {
				"north": {"uv": [0, 0, 3, 1.5], "texture": "#5"},
				"east": {"uv": [0, 0, 16, 1.5], "texture": "#2"},
				"south": {"uv": [0, 0, 3, 1.5], "texture": "#6"},
				"west": {"uv": [0, 0, 16, 1.5], "texture": "#2"},
				"up": {"uv": [0, 0, 3, 16], "texture": "#5"},
				"down": {"uv": [0, 0, 3, 16], "texture": "#6"}
			}
		},
		{
			"name": "mag",
			"from": [7, 2, 11],
			"to": [9, 4, 16],
			"rotation": {"angle": 0, "axis": "y", "origin": [8, 3, 13.5]},
			"faces": {
				"north": {"uv": [0, 0, 2, 2], "texture": "#1"},
				"east": {"uv": [0, 0, 5, 2], "texture": "#1"},
				"south": {"uv": [0, 0, 2, 2], "texture": "#1"},
				"west": {"uv": [0, 0, 5, 2], "texture": "#1"},
				"up": {"uv": [0, 0, 2, 5], "texture": "#1"},
				"down": {"uv": [0, 0, 2, 5], "texture": "#1"}
			}
		},
		{
			"from": [7.0625, 6.04733, 2],
			"to": [8.5625, 7.54733, 18],
			"rotation": {"angle": 22.5, "axis": "z", "origin": [8, 7, 15.5]},
			"faces": {
				"north": {"uv": [14.5, 6, 16, 7.5], "rotation": 270, "texture": "#3"},
				"east": {"uv": [5, 0, 6.5, 16], "rotation": 90, "texture": "#3"},
				"south": {"uv": [0, 6, 1.5, 7.5], "rotation": 90, "texture": "#3"},
				"west": {"uv": [8, 0, 9.5, 16], "rotation": 90, "texture": "#3"},
				"up": {"uv": [0, 4.5, 16, 6], "rotation": 90, "texture": "#3"},
				"down": {"uv": [0, 8, 16, 9.5], "rotation": 90, "texture": "#3"}
			}
		},
		{
			"from": [8, 6.75, 16.5],
			"to": [12, 7.75, 17.5],
			"rotation": {"angle": -22.5, "axis": "z", "origin": [8, 7, 15.5]},
			"faces": {
				"north": {"uv": [0, 0, 4, 1], "texture": "#1"},
				"east": {"uv": [0, 0, 1, 1], "texture": "#1"},
				"south": {"uv": [0, 0, 4, 1], "texture": "#1"},
				"west": {"uv": [0, 0, 1, 1], "texture": "#1"},
				"up": {"uv": [0, 0, 4, 1], "texture": "#1"},
				"down": {"uv": [0, 0, 4, 1], "texture": "#1"}
			}
		},
		{
			"from": [10.21415, 3.79213, 16.25],
			"to": [11.46415, 5.04213, 17.75],
			"rotation": {"angle": 22.5, "axis": "z", "origin": [8, 7, 15.5]},
			"faces": {
				"north": {"uv": [1, 13, 2.25, 14.25], "texture": "#3"},
				"east": {"uv": [3, 11, 4.5, 12.25], "texture": "#3"},
				"south": {"uv": [13, 10, 14.25, 11.25], "texture": "#3"},
				"west": {"uv": [6, 3, 7.5, 4.25], "texture": "#3"},
				"up": {"uv": [10, 9, 11.25, 10.5], "texture": "#3"},
				"down": {"uv": [9, 5, 10.25, 6.5], "texture": "#3"}
			}
		},
		{
			"name": "cartrige",
			"from": [7.50837, 6.50105, 13],
			"to": [8.50837, 7.50105, 15],
			"rotation": {"angle": 22.5, "axis": "z", "origin": [8.00837, 7.00105, 16]},
			"faces": {
				"north": {"uv": [0, 0, 1, 1], "rotation": 270, "texture": "#0"},
				"east": {"uv": [0, 0, 1, 2], "rotation": 90, "texture": "#0"},
				"south": {"uv": [0, 0, 1, 1], "rotation": 90, "texture": "#0"},
				"west": {"uv": [0, 0, 1, 2], "rotation": 90, "texture": "#0"},
				"up": {"uv": [0, 0, 2, 1], "rotation": 90, "texture": "#0"},
				"down": {"uv": [0, 0, 2, 1], "rotation": 90, "texture": "#0"}
			}
		},
		{
			"from": [7.5, 6.5, 0],
			"to": [9, 8, 16],
			"rotation": {"angle": -45, "axis": "z", "origin": [8, 7.5, 0.5]},
			"faces": {
				"north": {"uv": [14.5, 6, 16, 7.5], "texture": "#3"},
				"east": {"uv": [0, 8, 16, 9.5], "texture": "#3"},
				"south": {"uv": [0, 6, 1.5, 7.5], "texture": "#3"},
				"west": {"uv": [0, 11.5, 16, 13], "texture": "#3"},
				"up": {"uv": [4, 0, 5.5, 16], "texture": "#3"},
				"down": {"uv": [8, 0, 9.5, 16], "texture": "#3"}
			}
		},
		{
			"from": [7.5, 6.5, -16],
			"to": [9, 8, 0],
			"rotation": {"angle": -45, "axis": "z", "origin": [8, 7.5, 0.5]},
			"faces": {
				"north": {"uv": [14.5, 6, 16, 7.5], "texture": "#3"},
				"east": {"uv": [0, 8, 16, 9.5], "texture": "#3"},
				"south": {"uv": [0, 6, 1.5, 7.5], "texture": "#3"},
				"west": {"uv": [0, 11.5, 16, 13], "texture": "#3"},
				"up": {"uv": [4, 0, 5.5, 16], "texture": "#3"},
				"down": {"uv": [8, 0, 9.5, 16], "texture": "#3"}
			}
		},
		{
			"from": [7.25, 7.5, 14],
			"to": [7.25, 9, 15],
			"rotation": {"angle": 0, "axis": "y", "origin": [0, 1, 0]},
			"faces": {
				"north": {"uv": [0, 0, 0, 1.5], "texture": "#missing"},
				"east": {"uv": [6.5, 2, 7.5, 3.5], "texture": "#1"},
				"south": {"uv": [0, 0, 0, 1.5], "texture": "#3"},
				"west": {"uv": [7, 3.5, 8, 5], "texture": "#1"},
				"up": {"uv": [0, 0, 0, 1], "texture": "#missing"},
				"down": {"uv": [0, 0, 0, 1], "texture": "#missing"}
			}
		},
		{
			"from": [8.75, 7.5, 14],
			"to": [8.75, 9, 15],
			"rotation": {"angle": 0, "axis": "y", "origin": [8.75, 8.25, 14.5]},
			"faces": {
				"north": {"uv": [0, 0, 0, 1.5], "texture": "#missing"},
				"east": {"uv": [6.5, 2, 7.5, 3.5], "texture": "#1"},
				"south": {"uv": [0, 0, 0, 1.5], "texture": "#3"},
				"west": {"uv": [7, 3.5, 8, 5], "texture": "#1"},
				"up": {"uv": [0, 0, 0, 1], "texture": "#missing"},
				"down": {"uv": [0, 0, 0, 1], "texture": "#missing"}
			}
		},
		{
			"from": [8.5, 7.25, 14.5],
			"to": [9, 9, 14.5],
			"rotation": {"angle": 0, "axis": "y", "origin": [0, 1, 0]},
			"faces": {
				"north": {"uv": [11.75, 4.75, 12.25, 6.5], "texture": "#1"},
				"east": {"uv": [0, 0, 0, 1.75], "texture": "#missing"},
				"south": {"uv": [6.75, 5.5, 7.25, 7.25], "texture": "#1"},
				"west": {"uv": [0, 0, 0, 1.75], "texture": "#missing"},
				"up": {"uv": [0, 0, 0.5, 0], "texture": "#missing"},
				"down": {"uv": [0, 0, 0.5, 0], "texture": "#missing"}
			}
		},
		{
			"from": [8, 7.5, -7],
			"to": [8, 9, -6],
			"rotation": {"angle": 0, "axis": "y", "origin": [8.75, 8.25, 14.5]},
			"faces": {
				"north": {"uv": [0, 0, 0, 1.5], "texture": "#missing"},
				"east": {"uv": [6.5, 2, 7.5, 3.5], "texture": "#1"},
				"south": {"uv": [0, 0, 0, 1.5], "texture": "#3"},
				"west": {"uv": [7, 3.5, 8, 5], "texture": "#1"},
				"up": {"uv": [0, 0, 0, 1], "texture": "#missing"},
				"down": {"uv": [0, 0, 0, 1], "texture": "#missing"}
			}
		},
		{
			"from": [7.75, 7.25, -6.5],
			"to": [8.25, 9, -6.5],
			"rotation": {"angle": 0, "axis": "y", "origin": [0, 1, 0]},
			"faces": {
				"north": {"uv": [11.75, 4.75, 12.25, 6.5], "texture": "#1"},
				"east": {"uv": [0, 0, 0, 1.75], "texture": "#missing"},
				"south": {"uv": [6.75, 5.5, 7.25, 7.25], "texture": "#1"},
				"west": {"uv": [0, 0, 0, 1.75], "texture": "#missing"},
				"up": {"uv": [0, 0, 0.5, 0], "texture": "#missing"},
				"down": {"uv": [0, 0, 0.5, 0], "texture": "#missing"}
			}
		},
		{
			"from": [7, 7.25, 14.5],
			"to": [7.5, 9, 14.5],
			"rotation": {"angle": 0, "axis": "y", "origin": [0, 1, 0]},
			"faces": {
				"north": {"uv": [11.75, 4.75, 12.25, 6.5], "texture": "#1"},
				"east": {"uv": [0, 0, 0, 1.75], "texture": "#missing"},
				"south": {"uv": [6.75, 5.5, 7.25, 7.25], "texture": "#1"},
				"west": {"uv": [0, 0, 0, 1.75], "texture": "#missing"},
				"up": {"uv": [0, 0, 0.5, 0], "texture": "#missing"},
				"down": {"uv": [0, 0, 0.5, 0], "texture": "#missing"}
			}
		}
	],
	"display": {
		"thirdperson_righthand": {
			"rotation": [-15, 0, 0],
			"translation": [0, 0.75, -2.5],
			"scale": [0.75, 0.75, 0.75]
		},
		"thirdperson_lefthand": {
			"rotation": [-15, 0, 0],
			"translation": [0, 0.75, -2.5],
			"scale": [0.75, 0.75, 0.75]
		},
		"firstperson_righthand": {
			"rotation": [0, -10, 0],
			"translation": [2.3375, 5.75, -6.25]
		},
		"firstperson_lefthand": {
			"rotation": [0, -15, 0],
			"translation": [0.75, 4.25, -7.25]
		},
		"ground": {
			"translation": [0, 2, 0],
			"scale": [0.5, 0.5, 0.5]
		},
		"gui": {
			"rotation": [5, -15, 10],
			"translation": [0, 3.25, 0]
		},
		"head": {
			"rotation": [90, 5, 105],
			"translation": [-10, -15, 4.5]
		},
		"fixed": {
			"rotation": [-85, 5, -5],
			"translation": [0, -9.75, -7.75]
		}
	},
	"groups": [
		{
			"name": "bipod",
			"origin": [5.46699, 0.77939, 7.5],
			"color": 0,
			"children": [0, 1, 2, 3, 4, 5, 6, 7, 8, 9, 10, 11, 12, 13, 14, 15, 16, 17]
		},
		{
			"name": "stock",
			"origin": [8, 8, 8],
			"color": 0,
			"children": [18, 19, 20]
		},
		{
			"name": "handguard",
			"origin": [8, 8, 8],
			"color": 0,
			"children": [21, 22, 23]
		},
		{
			"name": "bolt",
			"origin": [8, 8, 8],
			"color": 0,
			"children": [24, 25, 26, 27]
		},
		{
			"name": "barrel",
			"origin": [8, 8, 8],
			"color": 0,
			"children": [28, 29, 30, 31, 32, 33, 34, 35]
		}
	]
}